start_date_key,end_date_key,location_key,disaster_key,summary_key,cost_key,pop_stats_key,weather_key,fatalities,injured,evacuated
0,0,0,0,0,0,0,0,7,0,15000
1,1,1,1,1,0,0,0,64,0,0
1,1,2,2,2,0,0,0,16,0,0
2,2,3,1,3,0,0,0,32,0,0
3,3,4,3,4,0,0,0,2,0,0
4,4,5,1,5,0,0,0,125,0,0
5,5,1,1,6,0,0,0,16,0,0
6,6,6,4,7,0,0,0,70,23,0
7,7,7,1,8,0,0,0,14,0,0
8,8,8,5,9,1,0,0,0,0,0
9,9,9,5,10,2,0,0,0,0,0
10,10,10,4,11,0,0,0,0,0,0
11,11,11,0,12,0,0,0,0,0,0
12,12,12,3,13,0,0,0,0,0,0
13,968,13,6,14,0,0,0,0,0,0
14,14,14,4,15,0,0,0,15,0,0
15,15,13,7,16,0,0,0,126,0,0
16,16,15,8,17,0,0,0,75,0,0
17,17,16,4,18,0,0,0,33,0,0
18,969,5,9,19,0,0,0,100,0,6000
19,19,17,3,20,0,0,0,1,0,0
20,20,18,4,21,0,0,0,22,15,0
21,21,13,10,22,3,0,0,0,0,0
22,22,19,11,23,0,0,0,63,20,0
23,23,20,12,24,0,0,0,62,0,0
24,24,21,4,25,0,0,0,4,0,0
25,25,22,4,26,0,0,0,6,0,0
26,26,23,13,27,0,0,0,73,0,200
27,27,24,14,28,0,0,0,28,100,2500
28,970,13,15,29,0,0,0,3,0,0
29,971,25,5,30,0,0,0,270,0,0
30,30,13,5,31,0,0,0,173,0,0
30,30,13,10,32,3,0,0,0,0,0
31,31,13,6,,0,0,0,77,0,0
32,32,26,7,34,0,0,0,1024,0,0
33,33,27,1,35,0,0,0,189,48,0
34,34,28,3,36,0,0,0,0,0,2000
34,34,29,1,37,0,0,0,22,0,0
35,35,2,2,38,0,0,0,19,0,0
36,36,30,4,39,0,0,0,56,22,0
37,972,13,3,40,0,0,0,0,0,0
38,38,0,9,41,0,0,0,7,0,0
39,39,31,3,42,0,0,0,0,0,0
40,40,23,13,43,0,0,0,233,0,8000
41,41,15,8,44,0,0,0,13,0,0
42,42,5,1,45,0,0,0,34,0,0
42,42,13,10,46,3,0,0,0,0,0
43,43,32,1,47,0,0,0,65,0,0
44,973,13,3,,0,0,0,0,0,0
45,45,33,7,49,0,0,0,1963,9000,6000
46,974,13,16,50,0,0,0,50000,2000000,0
46,975,13,10,51,3,0,0,0,0,0
47,47,34,1,52,0,0,0,88,11,0
48,48,35,0,53,0,0,0,0,0,0
49,49,13,7,54,0,0,0,343,0,0
50,976,13,10,55,3,0,0,0,0,0
51,977,13,10,56,3,0,0,0,0,0
52,978,36,3,57,0,0,0,0,0,0
53,53,37,14,58,0,0,0,4,13,
54,979,38,3,59,4,0,0,0,0,148
54,980,39,3,60,5,0,0,0,0,0
55,55,40,5,61,6,0,0,0,0,0
56,56,41,17,62,5,0,0,0,0,500
57,57,42,13,63,5,0,0,0,0,500
58,59,43,6,64,5,0,0,0,0,0
59,479,44,13,65,5,0,0,0,0,1000
59,479,45,13,66,5,0,0,0,0,1000
60,60,46,3,67,5,0,0,0,0,50
61,981,47,3,68,7,0,0,1,0,0
62,62,40,9,69,5,0,0,0,0,0
63,63,31,6,70,5,0,0,2,0,0
64,64,40,5,71,8,0,0,0,0,0
65,65,31,14,72,5,0,0,0,0,0
66,66,40,3,73,9,0,0,2,0,0
67,67,48,19,74,5,0,0,0,0,300
68,68,49,3,75,5,0,0,0,0,0
69,69,8,14,76,10,0,0,27,600,1700
68,68,13,3,77,5,0,0,0,0,0
68,68,50,13,78,5,0,0,0,0,500
70,70,51,20,79,5,0,0,0,0,0
71,71,52,3,80,11,0,0,0,0,0
72,72,53,20,81,5,0,0,0,0,0
73,73,54,19,82,5,0,0,0,0,0
74,74,55,21,83,5,0,0,0,0,0
75,982,56,3,84,5,0,0,0,0,0
76,76,57,22,85,5,0,0,0,0,0
77,78,58,3,86,5,0,0,0,0,0
78,78,59,3,87,5,0,0,0,0,0
79,983,60,15,88,5,0,0,14,0,0
80,80,61,17,89,5,0,0,0,0,500
79,984,62,3,90,12,0,0,0,0,2800
81,81,9,5,91,13,0,0,0,0,0
82,82,63,24,92,14,0,0,0,0,0
83,83,64,17,93,15,0,0,0,0,5000
84,84,13,10,94,16,0,0,0,0,0
84,84,65,17,95,5,0,0,0,0,200
84,84,55,19,96,5,0,0,0,0,250
84,84,66,3,97,5,0,0,0,0,1000
84,84,67,17,98,5,0,0,0,0,100
85,85,68,25,99,5,0,0,13,100,0
86,86,69,26,100,5,0,0,24,45,0
87,87,70,14,101,5,0,0,0,0,0
88,985,71,3,102,17,0,0,0,0,125
89,986,72,13,103,18,0,0,0,0,25000
90,90,73,13,,5,0,0,0,0,300
91,91,13,27,105,5,0,0,1,0,0
92,92,0,28,106,5,0,0,1,0,0
93,93,74,28,107,5,0,0,1,1,0
94,94,75,28,108,5,0,0,2,1,0
95,987,13,3,109,19,0,0,0,0,28
96,96,76,5,110,5,0,0,39,0,0
97,97,,19,,5,0,0,0,0,840
98,98,78,24,112,5,0,0,0,0,0
99,99,13,3,113,20,0,0,0,0,0
100,100,13,10,114,21,0,0,0,0,0
101,101,9,5,115,22,0,0,0,0,0
102,102,79,13,116,23,0,0,0,0,210
103,103,80,17,117,5,0,0,0,0,0
104,988,31,3,118,24,0,0,0,0,0
105,989,81,25,,25,0,0,7,0,0
106,106,82,12,120,5,0,0,4,0,0
107,990,83,29,121,0,0,0,0,0,1700
108,108,84,20,122,0,0,0,0,0,0
109,109,85,20,123,0,0,0,2,12,0
110,110,86,17,124,0,0,0,0,0,0
111,111,55,14,125,27,0,0,0,0,0
112,991,87,17,126,0,0,0,0,0,150
113,992,88,3,127,28,0,0,1,0,221
114,114,89,3,128,29,0,0,0,0,0
114,114,13,27,,30,0,0,6,0,0
115,115,90,14,130,31,0,0,0,6,0
116,116,13,4,131,32,0,0,7,0,0
117,993,91,31,,0,0,0,1,0,10000
118,994,13,3,133,33,0,0,0,0,309
119,119,92,5,,34,0,0,8,2,0
120,120,43,3,135,35,0,0,0,0,2065
121,121,13,10,136,36,0,0,0,0,0
122,122,23,21,137,0,0,0,0,0,0
123,123,93,12,138,0,0,0,9,0,0
124,124,94,4,139,37,0,0,0,0,0
125,995,95,3,140,38,0,0,0,0,1000
126,126,96,17,141,5,0,0,0,0,1500
127,996,79,3,142,39,0,0,0,0,0
128,128,97,13,143,0,0,0,0,0,4035
129,129,98,5,144,40,0,0,0,0,0
130,997,99,19,145,5,0,0,0,0,400
131,131,13,26,146,16,0,0,261,0,0
132,132,55,17,147,5,0,0,0,0,5000
132,132,100,20,148,5,0,0,1,0,0
133,133,101,19,149,5,0,0,4,0,0
134,134,13,27,150,41,0,0,2,0,0
135,135,102,14,151,42,0,0,0,15,0
136,998,13,3,152,43,0,0,0,0,0
137,137,9,5,153,44,0,0,0,0,0
138,138,103,9,154,5,0,0,0,1,1300
139,139,104,26,155,5,0,0,18,0,0
140,140,105,21,156,0,0,0,0,0,0
141,141,106,22,157,45,0,0,0,0,0
142,999,13,5,158,3,0,0,0,0,0
140,1000,13,3,159,0,0,0,,,
143,143,107,17,160,5,0,0,0,0,200
144,144,108,22,161,46,0,0,0,0,0
145,145,109,20,162,5,0,0,0,0,170
146,146,13,10,163,47,0,0,0,0,0
146,146,56,3,164,48,0,0,0,0,0
147,147,110,21,165,5,0,0,0,0,0
148,1001,13,6,166,16,0,0,0,0,0
149,149,111,9,167,0,0,0,0,0,0
150,150,8,5,168,49,0,0,0,0,0
150,150,112,3,169,50,0,0,0,0,0
151,151,113,21,170,5,0,0,0,0,0
152,1002,114,3,171,51,0,0,0,0,3800
153,153,115,3,172,52,0,0,0,0,40
154,154,116,20,173,5,0,0,0,0,0
155,155,55,21,174,5,0,0,0,0,0
156,156,29,28,175,5,0,0,0,0,200
157,157,117,3,176,5,0,0,0,0,100
158,158,118,1,177,0,0,0,26,0,0
159,159,119,3,178,5,0,0,0,0,1000
160,160,120,19,179,5,0,0,0,0,800
146,146,121,25,180,53,0,0,0,0,0
161,161,11,3,181,54,0,0,0,0,0
161,161,9,5,182,55,0,0,0,0,0
162,162,122,19,,5,0,0,0,0,410
163,1003,123,3,184,56,0,0,0,0,0
164,164,124,34,185,5,0,0,9,0,0
165,165,125,5,,57,0,0,0,0,0
166,166,,9,,5,0,0,0,0,600
167,167,13,16,188,0,0,0,0,0,0
167,167,13,10,189,3,0,0,0,0,0
168,168,13,6,190,58,0,0,33,0,0
169,169,127,3,191,59,0,0,0,0,300
170,170,128,28,192,5,0,0,0,0,60
171,171,47,3,193,60,0,0,0,0,0
171,1004,129,3,194,61,0,0,0,0,0
171,171,8,5,195,62,0,0,0,0,0
172,172,130,3,196,63,0,0,0,0,650
173,173,131,21,197,5,0,0,0,0,0
174,1005,31,3,198,64,0,0,0,0,0
175,175,132,21,199,5,0,0,0,0,0
176,1006,129,6,200,0,0,0,0,0,0
177,177,133,2,201,5,0,0,2,0,0
178,1007,134,25,,65,0,0,0,0,0
179,179,40,6,203,5,0,0,6,0,0
180,1008,90,3,204,66,0,0,0,0,0
181,181,90,5,205,67,0,0,0,0,0
182,1009,135,3,206,68,0,0,0,0,0
183,183,136,5,207,69,0,0,0,0,0
184,184,47,5,208,70,0,0,0,0,0
185,185,43,5,209,71,0,0,0,0,0
186,186,13,13,210,5,0,0,0,0,4169
187,187,129,3,211,72,0,0,0,0,0
188,188,8,5,212,73,0,0,0,0,0
189,189,137,1,213,5,0,0,0,0,500
190,190,138,5,214,74,0,0,0,0,0
191,191,139,14,215,75,0,0,0,4,1000
191,191,140,5,216,76,0,0,0,0,0
192,192,136,5,217,77,0,0,0,0,0
193,193,90,5,218,78,0,0,0,0,0
194,194,56,19,219,5,0,0,0,0,200
195,195,40,1,220,5,0,0,2,0,0
196,1010,13,6,221,5,0,0,0,0,0
187,187,141,3,222,79,0,0,0,0,0
197,197,142,19,223,5,0,0,0,0,0
198,198,143,12,224,80,0,0,2,0,69
199,199,144,13,225,81,0,0,0,0,3338
200,200,145,3,226,82,0,0,0,0,100
201,1011,13,3,227,83,0,0,0,0,802
202,1012,13,13,228,84,0,0,0,0,950
203,203,43,5,229,85,0,0,0,0,0
204,1013,90,5,230,86,0,0,0,0,0
205,205,136,5,231,87,0,0,0,0,0
206,206,11,11,232,0,0,0,3,140,0
207,207,146,27,233,88,0,0,0,0,0
208,208,24,5,234,89,0,0,0,0,0
209,1014,147,5,235,90,0,0,0,0,0
210,210,75,21,236,5,0,0,0,20,0
211,1015,90,6,,5,0,0,1,0,50
212,1016,13,3,238,91,0,0,0,0,230
213,213,148,3,239,92,0,0,0,0,0
213,213,149,10,240,93,0,0,0,0,0
213,213,150,22,241,94,0,0,0,0,0
214,1017,151,3,242,5,0,0,0,0,30
215,215,152,14,243,95,0,0,0,9,0
216,1018,153,3,244,96,0,0,0,0,0
217,1019,154,3,245,97,0,0,0,0,0
218,218,31,5,246,98,0,0,0,0,0
219,1020,12,3,247,99,0,0,0,0,285
220,1021,155,3,248,100,0,0,0,0,922
218,1022,9,5,249,101,0,0,0,0,0
221,1023,9,5,250,102,0,0,0,0,0
222,222,0,3,251,103,0,0,0,0,0
223,223,156,3,252,5,0,0,0,0,0
224,224,13,6,253,104,0,0,0,0,0
225,225,157,0,254,0,0,0,0,0,0
225,225,158,16,255,105,0,0,0,0,0
226,226,159,3,256,0,0,0,0,0,200
227,1024,13,5,257,106,0,0,0,0,0
228,1025,160,3,258,107,0,0,0,0,516
229,229,60,5,259,3,0,0,0,0,0
230,1026,114,3,260,108,0,0,0,0,4000
231,1027,161,3,261,109,0,0,0,0,25447
232,232,13,3,262,110,0,0,0,0,0
233,233,153,13,263,5,0,0,0,0,400
234,234,162,13,264,5,0,0,0,0,1100
235,235,163,13,265,3,0,0,0,0,300
236,236,164,13,266,5,0,0,0,0,823
237,1028,155,3,267,111,0,0,0,0,0
238,238,147,17,268,5,0,0,0,0,4000
239,239,165,4,269,0,0,0,0,,
240,240,166,38,,5,0,0,43,0,0
241,241,167,16,271,112,0,0,0,0,0
242,1029,168,6,272,113,0,0,35,945,17800
243,243,13,5,273,114,0,0,21,0,0
244,1030,39,3,274,115,0,0,0,0,0
245,245,169,12,,116,0,0,9,25,
246,246,90,6,276,5,0,0,11,7,0
247,1031,129,5,277,117,0,0,2,0,74
248,1032,170,3,278,118,0,0,0,0,3757
249,1033,171,13,279,0,0,0,0,0,2030
250,250,111,26,280,5,0,0,12,0,0
251,1034,172,13,281,5,0,0,0,0,1865
252,252,173,19,282,5,0,0,0,0,0
251,1035,9,5,283,119,0,0,0,0,0
253,1034,174,13,284,120,0,0,0,0,5
254,254,13,13,,121,0,0,0,0,10600
255,1036,140,13,286,122,0,0,0,0,7000
256,1037,175,6,287,5,0,0,2,2,10
257,257,,26,,0,0,0,229,0,0
258,1038,175,22,289,123,0,0,0,0,0
259,259,177,6,290,5,0,0,0,30,0
260,260,178,22,291,0,0,0,3,0,0
261,1039,11,6,,124,0,0,2,0,0
262,262,179,1,293,5,0,0,0,15,1200
263,263,13,22,294,0,0,0,0,1,0
264,264,180,6,295,5,0,0,0,0,0
265,1040,13,3,296,125,0,0,,,
266,266,181,13,297,0,0,0,,,1107
267,267,182,3,298,126,0,0,0,0,0
267,1041,37,3,299,127,0,0,0,0,0
268,268,183,11,300,0,0,0,2,60,0
267,1042,184,13,301,5,0,0,0,0,40
269,269,185,13,302,5,0,0,0,0,307
270,1043,186,13,303,128,0,0,0,0,80
271,1044,13,3,304,5,0,0,0,0,118
272,1045,187,5,305,0,0,0,0,0,12
273,273,47,14,306,0,0,0,0,0,4
274,1046,188,13,307,5,0,0,0,0,1000
275,1047,189,3,308,129,0,0,0,0,350
276,276,190,14,309,130,0,0,1,4,200
277,277,13,40,310,0,0,0,0,2,0
278,278,9,1,311,0,0,0,2,5,2000
279,279,132,38,,5,0,0,7,33,0
280,280,13,3,313,131,0,0,0,0,0
280,280,191,5,,132,0,0,,,
281,281,13,3,,133,0,0,0,0,90
282,282,192,22,316,5,0,0,0,0,0
283,283,193,41,317,0,0,0,0,0,170
284,284,194,12,,5,0,0,1,4,0
285,285,195,19,319,0,0,0,2,0,1400
286,1048,13,6,320,134,0,0,0,0,216
287,1049,196,4,321,3,0,0,0,0,0
288,1050,90,5,322,3,0,0,0,1,0
289,289,197,14,323,135,0,0,12,140,1000
290,290,198,21,324,3,0,0,0,0,0
291,289,199,16,,3,0,0,6,2300,0
292,292,200,3,,136,0,0,0,0,36
293,289,136,3,327,137,0,0,0,0,0
294,294,13,42,328,16,0,0,0,0,0
295,1051,137,3,329,138,0,0,0,1,800
296,296,20,38,330,3,0,0,6,21,0
297,297,129,6,331,3,0,0,6,11,30
298,298,136,3,332,139,0,0,,,
299,299,201,3,333,140,0,0,,,
300,300,202,5,334,141,0,0,0,0,0
301,301,13,3,335,142,0,0,0,0,
302,302,13,43,336,3,0,0,24,,
303,303,13,27,,143,0,0,0,0,0
304,304,203,1,338,3,0,0,,,100
305,305,13,3,339,16,0,0,,,
306,306,204,9,,3,0,0,0,0,1700
307,1052,205,13,,144,0,0,0,0,1254
305,1053,206,13,342,145,0,0,0,0,129
308,308,9,9,343,3,0,0,0,0,300
309,309,207,3,344,3,0,0,0,0,1200
310,310,208,3,345,146,0,0,0,0,0
311,311,43,3,346,147,0,0,0,0,350
311,311,209,3,347,148,0,0,0,0,150
312,312,210,0,348,3,0,0,0,0,2500
313,313,211,13,349,3,0,0,0,0,600
314,314,212,13,350,149,0,0,0,0,425
315,1054,213,13,351,3,0,0,0,0,103
315,319,214,13,352,3,0,0,0,0,480
316,316,215,13,353,3,0,0,0,0,628
317,317,216,13,354,150,0,0,0,0,912
318,318,69,21,355,3,0,0,0,0,350
319,319,217,13,356,3,0,0,0,0,985
320,320,40,44,,3,0,0,0,0,200
321,321,218,11,358,3,0,0,1,0,120
322,322,13,12,359,0,0,0,30,,2
323,323,219,11,360,0,0,0,,2,300
324,324,188,3,,151,0,0,,,1100
325,325,220,3,,152,0,0,2,3,270
325,325,13,6,363,153,0,0,0,,
325,325,13,3,,154,0,0,0,,
326,1055,221,13,,155,0,0,0,,665
327,327,222,13,366,0,0,0,,,500
328,1056,223,13,367,156,0,0,,,48501
329,329,59,13,368,157,0,0,0,,100
330,330,224,3,,5,0,0,0,0,60
331,331,13,45,370,0,0,0,,,
332,332,33,27,371,158,0,0,8,,
333,1057,13,3,372,159,0,0,2,1,750
334,1058,13,6,373,160,0,0,0,0,
335,1059,225,3,,161,0,0,,,1000
336,336,119,3,375,162,0,0,,,1700
337,337,149,14,376,3,0,0,0,0,0
338,1060,8,5,377,163,0,0,0,0,30000
339,339,226,3,,3,0,0,,,
340,340,227,19,379,3,0,0,,,150
341,1061,228,27,380,3,0,0,1,,0
342,342,13,47,381,3,0,0,20,,
343,343,229,42,382,164,0,0,0,,0
344,1062,230,4,383,165,0,0,1,1,300
345,1063,13,6,,166,0,0,0,,0
346,346,231,3,385,3,0,0,0,,200
347,1064,13,3,386,167,0,0,0,,120
348,1065,232,3,387,168,0,0,0,,50
349,1066,233,3,388,169,0,0,0,0,100
350,350,234,13,389,3,0,0,0,0,600
351,351,221,3,390,170,0,0,0,,1197
352,352,235,13,391,3,0,0,0,,850
353,353,236,3,392,171,0,0,0,,2000
354,354,237,13,393,3,0,0,0,0,528
355,355,129,3,,172,0,0,,,
356,356,238,3,395,173,0,0,,,200
357,357,239,21,396,3,0,0,,,4000
358,358,11,16,,3,0,0,23,112,
359,359,231,41,,3,0,0,,,1100
360,360,240,21,399,3,0,0,0,,250
361,361,241,42,400,3,0,0,0,0,0
362,362,242,3,401,174,0,0,0,0,1100
363,363,231,3,402,3,0,0,0,0,1100
364,364,243,3,403,3,0,0,0,0,159
365,1067,244,13,404,3,0,0,0,0,3200
366,366,245,3,405,175,0,0,0,0,300
367,1068,246,13,406,3,0,0,0,0,4000
368,1069,247,13,407,3,0,0,0,0,130
369,369,248,13,,3,0,0,0,0,871
370,370,249,0,409,3,0,0,0,0,120
371,371,250,17,410,3,0,0,0,0,1500
371,371,251,17,411,3,0,0,0,3,1000
372,372,252,5,412,3,0,0,0,0,600
373,373,253,3,413,3,0,0,0,0,240
374,1070,254,6,414,3,0,0,0,0,0
375,375,255,5,,3,0,0,0,0,0
376,376,192,5,416,3,0,0,0,0,0
377,377,256,5,,3,0,0,0,0,0
378,1071,257,3,418,3,0,0,0,0,120
379,379,258,3,,176,0,0,0,0,691
380,380,259,5,420,3,0,0,0,0,0
381,381,260,6,421,0,0,0,0,0,0
382,382,261,19,422,3,0,0,0,0,100
383,383,132,0,423,3,0,0,0,0,2000
383,383,260,5,424,3,0,0,0,0,600
384,384,262,13,425,3,0,0,0,0,1500
385,385,147,0,426,3,0,0,0,0,345
386,386,180,3,427,177,0,0,0,0,375
387,1072,263,13,428,3,0,0,0,0,600
388,388,264,21,429,3,0,0,0,0,1000
389,389,8,9,430,3,0,0,0,0,282
390,390,265,14,431,3,0,0,0,0,0
391,1073,266,13,432,3,0,0,0,0,963
392,392,267,13,433,3,0,0,0,0,9
393,1074,268,13,434,3,0,0,0,0,600
394,1075,269,5,435,178,0,0,1,0,200
395,395,192,5,436,3,0,0,0,0,0
396,396,270,5,437,3,0,0,0,0,275
397,397,271,3,438,179,0,0,0,0,20
398,398,13,6,439,3,0,0,0,0,0
399,399,272,5,440,3,0,0,0,0,0
400,400,273,3,441,3,0,0,0,0,300
401,401,13,6,442,3,0,0,0,0,0
402,402,274,3,443,3,0,0,0,0,18
402,402,275,3,444,3,0,0,0,0,6
403,403,276,3,445,3,0,0,0,0,0
404,404,277,3,446,3,0,0,0,0,1900
405,1076,15,3,447,3,0,0,0,0,290
406,406,39,3,448,180,0,0,0,0,1000
407,407,278,3,449,3,0,0,0,0,1200
408,1077,279,13,450,3,0,0,0,0,150
409,409,280,13,451,3,0,0,0,0,0
410,410,281,13,452,3,0,0,0,0,3330
411,411,282,3,453,3,0,0,0,0,0
412,412,283,5,454,3,0,0,0,0,0
409,413,284,5,455,3,0,0,0,0,0
413,413,33,13,456,3,0,0,0,0,5000
414,414,285,14,457,3,0,0,0,0,0
415,415,286,13,,3,0,0,0,0,2500
416,416,31,14,459,3,0,0,0,0,0
417,1078,287,13,460,3,0,0,0,0,1000
417,417,56,5,461,3,0,0,0,0,0
418,418,11,58,462,3,0,0,0,10,900
419,419,288,4,463,181,0,0,0,0,0
420,420,24,5,464,3,0,0,0,0,0
420,420,289,5,465,3,0,0,0,0,112
421,421,11,1,466,3,0,0,2,58,12000
422,422,290,17,467,3,0,0,0,3,250
423,423,272,27,468,182,0,0,0,0,0
424,424,291,5,469,3,0,0,0,0,0
425,1079,13,3,470,183,0,0,0,0,0
200,200,292,3,471,184,0,0,0,0,0
426,426,293,3,472,0,0,0,0,0,30
427,427,294,3,473,83,0,0,0,0,0
325,325,13,3,474,185,0,0,0,0,0
428,428,295,3,,186,0,0,0,0,0
429,429,33,5,476,187,0,0,0,0,0
392,392,296,5,477,188,0,0,0,0,0
390,390,297,5,478,189,0,0,0,0,0
430,1080,298,3,479,190,0,0,0,0,0
431,423,299,5,480,191,0,0,0,0,0
432,1081,117,3,481,192,0,0,0,0,600
433,1082,300,5,482,193,0,0,0,0,0
434,434,301,5,483,194,0,0,0,0,0
408,1083,302,22,484,195,0,0,0,0,0
435,1084,303,5,485,196,0,0,0,0,0
436,436,304,4,486,16,0,0,0,0,0
437,1056,13,16,487,0,0,0,44,375,0
438,438,13,16,488,3,0,0,22,57,0
439,439,13,42,489,197,0,0,0,0,0
440,1085,13,61,490,3,0,0,425,8582,0
441,441,13,62,491,3,0,0,0,0,1200
386,386,9,5,492,198,0,0,0,0,0
442,442,305,3,493,199,0,0,0,0,28
443,443,306,13,494,3,0,0,0,0,1300
442,1086,237,13,495,200,0,0,1,0,20000
444,444,0,5,,3,0,0,0,0,0
445,445,307,42,497,0,0,0,0,0,0
446,446,15,5,498,3,0,0,0,0,700
447,447,11,14,499,3,0,0,1,0,0
448,1087,43,5,500,3,0,0,2,77,0
449,1088,308,3,501,3,0,0,0,0,0
450,450,147,5,502,3,0,0,0,0,0
451,451,40,22,503,3,0,0,0,0,0
452,1089,272,3,504,201,0,0,0,0,0
453,453,309,24,505,3,0,0,0,0,0
454,454,310,14,,202,0,0,0,0,0
455,455,31,5,507,203,0,0,0,0,0
453,1090,311,13,508,204,0,0,0,0,200
456,456,33,27,,3,0,0,0,0,0
457,1091,13,5,510,3,0,0,0,0,0
392,392,13,27,511,3,0,0,0,0,0
458,458,13,27,512,3,0,0,0,0,0
459,459,13,6,513,3,0,0,0,0,0
460,460,13,27,514,3,0,0,0,0,0
461,1092,312,3,515,205,0,0,0,0,126
462,462,8,5,516,206,0,0,0,0,0
463,1093,313,5,517,207,0,0,0,0,100
464,1094,157,5,518,208,0,0,0,0,0
465,1095,314,42,519,209,0,0,0,0,0
466,1096,47,14,520,210,0,0,0,0,85
467,1097,315,6,521,3,0,0,1,1,625
468,468,13,3,522,211,0,0,0,0,132
453,453,316,14,523,212,0,0,0,20,0
299,1098,317,10,524,3,0,0,0,0,0
469,469,318,14,525,213,0,0,0,0,0
470,470,319,5,526,214,0,0,0,0,45
471,471,13,27,527,215,0,0,1,0,300
472,1099,13,13,528,216,0,0,2,0,1383
473,473,13,24,529,217,0,0,58,31,4620
474,474,320,10,530,0,0,0,0,0,0
475,475,321,5,531,5,0,0,0,0,0
476,1100,13,3,532,218,0,0,2,0,40
435,1084,192,5,533,219,0,0,0,0,0
477,477,129,6,534,3,0,0,0,0,0
474,474,322,9,535,0,0,0,,,
478,478,323,3,536,220,0,0,0,0,0
479,479,324,3,537,5,0,0,2,0,129
480,480,,6,,0,0,0,0,0,0
481,981,325,3,539,221,0,0,0,0,0
482,1101,326,3,540,5,0,0,0,0,300
483,483,327,13,,222,0,0,0,0,300
484,484,328,4,542,0,0,0,37,0,0
485,485,329,3,543,223,0,0,0,0,300
486,1102,80,3,544,224,0,0,0,0,0
487,487,330,1,545,0,0,0,18,0,0
488,1103,149,5,546,5,0,0,0,0,0
202,1011,43,3,547,225,0,0,0,0,0
489,489,331,16,548,3,0,0,10,21,0
490,490,332,13,549,3,0,0,0,0,0
491,1104,4,3,550,0,0,0,0,0,0
492,492,333,3,551,226,0,0,10,0,15825
493,1105,40,3,552,227,0,0,0,0,1000
494,1106,269,3,553,228,0,0,0,0,125
495,495,173,14,554,0,0,0,5,0,0
496,1107,334,13,555,0,0,0,0,0,1050
352,1108,43,3,556,229,0,0,2,,7028
497,1109,286,5,557,230,0,0,0,0,0
498,1110,335,13,558,0,0,0,43,0,11000
499,1111,336,3,,231,0,0,0,0,3000
500,1112,47,10,,3,0,0,0,0,0
498,498,337,4,561,0,0,0,5,0,0
501,501,330,1,562,0,0,0,33,0,0
501,501,31,3,563,0,0,0,0,0,0
502,1113,4,3,564,0,0,0,2,0,0
503,503,13,34,565,3,0,0,9,0,0
504,504,13,10,566,3,0,0,0,0,0
505,505,338,3,567,0,0,0,0,0,0
506,506,47,10,568,0,0,0,0,0,0
507,1114,13,16,569,0,0,0,,0,0
508,508,40,9,570,0,0,0,76,0,0
509,1115,13,27,571,0,0,0,56,0,0
510,510,339,3,572,0,0,0,3,0,0
511,511,340,3,573,0,0,0,0,0,138
512,512,13,10,574,3,0,0,0,0,0
513,1116,90,3,575,0,0,0,0,0,0
514,1117,90,3,576,0,0,0,0,0,0
515,515,146,47,577,0,0,0,28,0,0
516,516,341,1,578,0,0,0,45,0,0
516,516,342,9,579,0,0,0,0,0,192
517,517,13,5,580,0,0,0,30,11,0
517,517,343,4,581,0,0,0,4,0,0
518,518,344,4,582,0,0,0,8,0,0
519,1118,227,81,583,0,0,0,3,23,0
520,1119,13,10,584,3,0,0,0,0,0
521,521,345,3,585,0,0,0,3,0,0
522,522,13,3,586,0,0,0,7,0,0
523,523,346,24,587,0,0,0,0,0,0
524,1120,347,25,588,0,0,0,15,0,0
525,1121,135,3,589,0,0,0,0,0,0
526,1122,24,81,590,0,0,0,1,0,0
527,1123,13,3,591,0,0,0,,,2
528,528,221,6,592,0,0,0,0,0,0
529,529,13,5,593,0,0,0,50,0,0
530,1124,90,3,594,0,0,0,0,0,0
531,1125,348,2,595,0,0,0,1,0,0
532,1126,286,13,596,0,0,0,,,
533,1127,13,15,597,0,0,0,1180,0,0
534,1128,13,3,598,0,0,0,0,0,0
535,535,57,11,599,0,0,0,22,22,0
536,536,13,5,600,0,0,0,0,0,0
537,1129,90,3,601,0,0,0,0,0,0
538,1130,90,3,602,0,0,0,0,0,4000
539,539,349,4,603,0,0,0,4,12,0
540,1131,350,13,604,0,0,0,17,0,155
541,541,351,2,605,0,0,0,20,0,0
542,542,13,9,606,0,0,0,0,0,0
543,543,352,5,607,0,0,0,69,0,0
544,544,13,6,608,3,0,0,76,0,0
545,1132,353,13,609,0,0,0,0,0,0
546,546,146,3,,0,0,0,2,0,0
547,547,36,27,611,0,0,0,0,0,0
548,548,13,6,612,0,0,0,203,0,0
549,549,354,27,613,0,0,0,0,0,0
550,550,,82,,0,0,0,99,100,0
551,551,355,11,615,0,0,0,36,155,0
552,552,356,11,616,0,0,0,12,2,0
553,553,357,26,617,0,0,0,24,0,0
554,554,13,29,618,0,0,0,1,0,0
555,1133,11,6,619,0,0,0,21,0,0
556,556,264,0,620,0,0,0,0,0,0
557,557,358,14,621,0,0,0,17,100,0
558,558,359,5,622,0,0,0,0,0,0
559,559,227,26,623,0,0,0,20,0,0
560,1134,13,6,624,3,0,0,0,0,0
561,561,360,3,625,0,0,0,2,0,0
562,1135,90,3,626,0,0,0,0,0,0
563,563,361,3,627,0,0,0,2,0,100
564,564,362,11,628,0,0,0,31,0,0
565,565,90,3,629,0,0,0,0,0,0
566,566,363,3,630,0,0,0,0,0,
567,567,24,14,631,0,0,0,0,0,0
568,1136,364,13,632,0,0,0,0,0,0
569,569,365,3,633,0,0,0,10,0,16000
570,570,,3,,0,0,0,1,0,0
571,571,366,24,,0,0,0,0,0,0
572,572,367,34,636,0,0,0,32,0,0
573,573,11,84,637,0,0,0,118,0,0
574,574,368,0,638,0,0,0,0,0,0
575,1137,90,3,639,0,0,0,0,0,0
576,1138,90,3,640,0,0,0,0,0,0
577,577,4,3,641,0,0,0,0,0,0
578,1139,31,3,642,0,0,0,1,0,107000
579,579,13,5,643,0,0,0,0,0,0
580,580,369,11,644,0,0,0,21,53,0
581,581,370,3,645,0,0,0,0,0,0
581,581,371,3,646,0,0,0,0,0,376
582,582,372,11,647,0,0,0,9,31,0
583,583,373,3,648,0,0,0,0,0,600
584,584,34,1,649,0,0,0,19,0,0
585,1140,374,3,650,0,0,0,0,0,0
586,586,375,22,651,0,0,0,17,0,0
586,1141,13,16,652,0,0,0,481,8000,0
587,587,55,14,653,0,0,0,7,40,500
588,588,58,5,654,0,0,0,0,0,0
589,1142,11,15,655,0,0,0,1,186,0
590,590,376,14,656,0,0,0,0,0,0
591,1143,90,3,657,0,0,0,0,0,0
592,592,377,26,658,0,0,0,37,0,0
593,1144,13,27,659,0,0,0,0,0,0
594,594,221,3,660,0,0,0,0,0,0
595,1145,129,13,661,232,0,0,0,0,0
596,596,378,12,662,0,0,0,7,0,0
597,597,379,4,663,0,0,0,3,6,2000
598,1146,11,27,664,0,0,0,81,0,7472
599,1147,13,3,665,0,0,0,0,0,0
600,1148,90,3,666,0,0,0,0,0,0
601,601,380,1,,0,0,0,39,88,0
602,602,381,26,668,0,0,0,62,0,0
603,603,382,4,669,0,0,0,0,0,0
604,1149,383,21,670,0,0,0,75,0,0
605,605,384,81,671,0,0,0,1,2,0
604,604,385,3,672,0,0,0,0,0,0
606,606,15,26,673,0,0,0,79,0,0
607,607,386,4,674,0,0,0,7,0,0
608,608,13,10,675,3,0,0,0,0,0
609,1150,,6,,0,0,0,0,0,0
608,608,387,14,677,0,0,0,0,0,0
610,610,40,9,678,0,0,0,18,0,0
611,611,388,9,679,0,0,0,0,0,122
611,611,13,10,680,3,0,0,0,0,0
612,612,192,8,681,0,0,0,18,0,0
613,613,380,2,682,0,0,0,75,99,0
614,614,,6,,0,0,0,6,10,0
615,615,389,4,684,0,0,0,4,0,0
616,616,13,27,685,3,0,0,33,0,0
614,614,390,12,,0,0,0,5,9,0
617,617,132,1,687,0,0,0,11,0,0
617,617,13,47,688,0,0,0,0,0,0
617,617,13,10,689,3,0,0,0,0,0
618,618,391,5,690,0,0,0,0,0,0
619,619,153,3,691,0,0,0,5,0,0
620,620,392,20,692,0,0,0,0,0,0
621,621,31,3,693,0,0,0,0,0,0
622,1151,90,3,694,0,0,0,0,0,0
623,1152,393,29,695,0,0,0,1,0,0
624,624,394,4,696,0,0,0,3,0,0
625,625,40,5,697,0,0,0,0,0,0
626,626,13,10,698,3,0,0,0,0,0
627,1153,4,3,699,0,0,0,1,0,0
628,628,395,4,700,0,0,0,9,0,0
629,1154,13,3,,0,0,0,0,0,100
630,630,13,10,702,3,0,0,0,0,0
631,1155,13,27,703,0,0,0,0,0,0
632,1156,13,3,704,0,0,0,,,
630,630,13,3,705,0,0,0,0,0,0
633,633,60,10,706,0,0,0,0,0,0
634,634,13,26,707,0,0,0,101,0,0
635,1157,13,15,708,0,0,0,5,0,0
636,636,13,27,709,0,0,0,7,0,0
633,633,13,10,710,3,0,0,0,0,0
637,637,396,3,711,0,0,0,0,0,1800
638,638,397,26,712,0,0,0,118,0,0
639,639,398,4,713,0,0,0,4,0,236
640,642,13,27,714,0,0,0,0,0,0
641,641,60,10,715,0,0,0,0,0,0
641,641,13,10,716,3,0,0,0,0,0
642,642,399,4,717,0,0,0,5,0,0
643,1158,13,6,718,3,0,0,23,8,0
644,644,400,47,719,0,0,0,0,0,0
645,645,13,6,720,0,0,0,3,0,0
646,646,168,10,721,0,0,0,0,0,0
646,646,26,3,722,0,0,0,20,0,0
647,647,8,34,723,0,0,0,1,0,0
648,648,401,4,,0,0,0,4,0,0
649,649,402,4,725,0,0,0,7,0,0
650,650,403,12,,0,0,0,26,22,0
651,651,404,58,727,0,0,0,28,50,0
652,652,405,26,728,0,0,0,52,0,0
653,653,406,7,729,0,0,0,28,0,0
653,653,404,0,730,0,0,0,11,0,0
653,653,407,10,731,0,0,0,0,0,0
653,653,13,10,732,0,0,0,0,0,0
654,654,13,26,733,0,0,0,64,0,0
654,654,31,6,734,0,0,0,0,0,0
655,655,31,3,735,0,0,0,0,0,0
653,653,0,8,,0,0,0,9,57,0
656,656,408,3,737,0,0,0,5,0,0
657,657,13,10,738,3,0,0,0,0,0
657,657,13,5,739,0,0,0,0,0,0
657,657,301,26,740,0,0,0,33,0,0
657,657,409,1,741,0,0,0,15,0,0
658,1159,43,6,742,0,0,0,0,0,0
658,658,410,14,743,0,0,0,0,0,0
659,1160,13,5,744,0,0,0,0,0,0
660,660,13,10,745,3,0,0,0,0,0
661,661,411,4,746,0,0,0,4,0,0
662,662,412,5,747,0,0,0,0,0,0
663,663,90,6,748,0,0,0,0,0,0
664,664,36,3,749,0,0,0,0,0,0
665,665,13,27,750,3,0,0,1,0,0
666,666,413,9,751,0,0,0,13,0,0
667,667,33,6,752,0,0,0,0,0,0
668,668,414,4,753,0,0,0,3,1,0
666,666,13,10,754,3,0,0,0,0,0
666,666,,3,,0,0,0,0,0,0
669,669,31,3,756,0,0,0,0,0,0
670,670,416,3,757,0,0,0,1,0,0
671,1161,13,3,758,0,0,0,0,0,0
672,672,8,5,759,0,0,0,0,0,0
673,673,204,9,760,0,0,0,38,30,0
674,674,40,6,761,0,0,0,15,0,0
675,1162,4,3,762,233,0,0,3,0,0
676,676,,6,,5,0,0,0,0,0
677,1163,95,3,,5,0,0,0,0,0
678,678,31,3,765,5,0,0,0,0,0
679,1164,108,3,766,5,0,0,0,0,0
680,680,11,26,767,5,0,0,109,0,0
681,681,75,14,768,234,0,0,6,200,0
682,682,40,90,769,0,0,0,1,0,0
683,683,180,12,770,0,0,0,7,0,1
684,1165,13,3,771,0,0,0,,,
685,685,40,6,,0,0,0,0,0,0
686,1166,40,3,773,5,0,0,0,0,0
687,687,417,3,774,5,0,0,0,0,0
688,688,418,4,775,0,0,0,3,0,0
688,688,419,4,776,235,0,0,31,0,1500
689,689,420,14,777,5,0,0,2,11,100
690,690,13,5,778,5,0,0,0,0,0
691,1167,264,27,779,236,0,0,0,0,0
692,1168,421,29,780,5,0,0,0,0,0
693,693,422,27,781,5,0,0,0,0,0
694,694,423,6,782,5,0,0,0,0,0
695,1169,424,3,783,5,0,0,0,0,0
696,696,60,10,784,5,0,0,0,0,0
697,1170,406,3,785,5,0,0,0,0,0
698,698,271,3,786,237,0,0,0,0,0
699,699,425,3,787,0,0,0,1,0,0
700,1171,426,3,788,5,0,0,0,0,105
701,701,40,82,789,0,0,0,37,50,0
696,696,13,10,790,16,0,0,0,0,0
702,702,177,6,791,5,0,0,12,43,0
703,703,427,4,792,5,0,0,4,0,0
704,704,428,5,793,5,0,0,0,0,0
705,1172,4,3,794,238,0,0,1,0,1600
706,706,13,5,,239,0,0,0,0,0
707,707,13,10,796,16,0,0,0,0,0
708,1173,13,22,797,240,0,0,0,0,0
707,707,47,3,,241,0,0,0,0,1400
707,1174,420,3,799,242,0,0,0,0,10000
709,1174,58,3,800,243,0,0,0,0,0
710,1175,429,3,801,244,0,0,0,0,0
711,711,132,14,802,5,0,0,9,30,0
712,712,4,3,803,245,0,0,0,0,0
713,713,396,3,804,5,0,0,0,0,0
714,1176,430,3,805,5,0,0,0,0,0
715,715,354,5,,246,0,0,0,0,0
716,716,431,26,807,16,0,0,32,2,0
717,717,272,5,808,5,0,0,0,0,0
718,718,432,5,809,0,0,0,14,0,0
719,1177,47,3,,247,0,0,0,0,0
720,720,433,3,811,5,0,0,1,0,0
721,721,24,3,812,248,0,0,0,0,0
722,722,434,4,813,5,0,0,4,0,0
723,723,435,14,814,5,0,0,3,59,918
724,724,436,27,815,5,0,0,1,0,0
725,725,375,5,816,5,0,0,29,0,0
726,726,15,6,817,5,0,0,1,10,0
727,727,437,1,818,5,0,0,0,0,0
728,728,44,3,819,5,0,0,2,0,0
729,1178,13,42,820,249,0,0,0,0,0
729,1178,438,42,821,250,0,0,0,0,0
730,730,272,9,822,5,0,0,20,0,0
731,1179,439,6,823,5,0,0,0,0,0
732,1180,47,3,,251,0,0,0,0,0
732,1181,129,3,825,252,0,0,0,0,0
733,733,425,3,826,5,0,0,0,0,0
734,1182,4,3,827,253,0,0,2,0,400
735,735,440,3,828,254,0,0,0,0,0
736,736,441,5,829,5,0,0,0,0,0
737,737,442,26,830,5,0,0,43,4,0
738,738,443,5,831,249,0,0,0,0,0
739,1183,345,27,832,5,0,0,0,0,0
740,740,444,9,,5,0,0,21,0,0
730,730,445,3,834,5,0,0,0,0,0
741,741,11,3,835,5,0,0,0,0,0
742,742,90,3,836,5,0,0,0,0,0
743,743,446,21,837,5,0,0,0,4,2000
730,730,13,10,838,16,0,0,0,0,0
744,744,31,5,839,5,0,0,0,0,0
745,745,447,38,,5,0,0,41,0,0
746,746,108,10,841,5,0,0,0,0,0
747,1184,448,3,842,5,0,0,0,0,0
748,1185,13,3,,255,0,0,0,0,0
749,749,13,91,844,5,0,0,0,0,0
750,750,36,6,845,5,0,0,8,400,0
751,1186,8,3,,256,0,0,0,0,0
752,752,,27,,5,0,0,0,0,0
753,753,9,3,848,5,0,0,0,0,0
753,753,56,3,849,5,0,0,0,0,0
753,753,449,1,850,5,0,0,0,0,0
753,753,114,3,851,5,0,0,0,0,0
754,1187,68,25,852,5,0,0,0,0,0
755,755,450,12,853,5,0,0,7,0,0
756,756,451,1,854,5,0,0,12,4,0
757,757,15,26,855,5,0,0,17,7,0
758,758,452,21,856,5,0,0,0,0,5000
759,759,36,3,857,5,0,0,0,0,0
760,760,338,3,,257,0,0,0,0,0
761,1188,453,3,859,258,0,0,0,0,10000
425,425,108,3,860,5,0,0,0,0,0
762,762,454,82,861,5,0,0,45,55,0
763,763,108,3,862,5,0,0,0,0,0
764,764,40,5,863,5,0,0,0,0,0
765,765,455,14,864,5,0,0,2,0,0
762,762,147,9,,5,0,0,0,0,600
762,762,456,6,866,5,0,0,0,0,0
766,1189,13,27,,5,0,0,0,0,0
767,767,457,27,868,5,0,0,0,0,0
768,1190,458,19,869,5,0,0,0,0,225000
769,769,459,4,,0,0,0,8,0,0
770,770,460,38,871,5,0,0,22,11,0
771,771,432,3,872,259,0,0,0,0,0
772,772,461,13,873,5,0,0,0,0,5000
773,1191,462,3,874,5,0,0,0,0,160
774,774,458,9,875,5,0,0,21,35,0
775,775,13,6,876,5,0,0,3,0,0
776,1192,90,3,877,5,0,0,0,0,0
777,1193,463,3,878,261,0,0,0,0,3000
778,778,8,3,879,5,0,0,4,0,0
778,778,464,3,880,262,0,0,0,0,80
778,778,129,10,881,5,0,0,0,0,0
778,778,13,10,882,263,0,0,0,0,0
779,1194,465,3,883,264,0,0,0,0,0
780,780,450,12,884,5,0,0,3,0,0
781,781,195,21,885,5,0,0,0,0,800
782,782,13,7,,5,0,0,13,19,0
783,783,9,5,887,5,0,0,2,0,0
784,784,466,3,888,5,0,0,0,0,0
785,785,467,4,889,5,0,0,9,0,0
786,786,468,19,890,5,0,0,0,0,200
786,786,117,3,891,265,0,0,0,0,0
787,1195,303,5,892,266,0,0,10,0,0
788,1196,245,3,,267,0,0,0,0,0
789,789,469,6,894,5,0,0,0,0,2000
790,790,470,1,895,5,0,0,2,0,0
791,791,13,25,896,5,0,0,0,0,0
792,792,13,6,897,5,0,0,117,0,0
793,793,436,6,898,5,0,0,0,0,75
793,793,13,6,899,268,0,0,0,0,0
794,794,471,19,900,5,0,0,0,0,1200
795,795,472,3,901,5,0,0,0,0,300
796,796,473,34,902,5,0,0,0,0,0
797,797,474,14,903,5,0,0,5,26,0
798,798,11,34,904,5,0,0,0,10,0
799,799,58,3,905,5,0,0,0,0,0
800,1197,149,3,,5,0,0,0,0,0
801,801,475,28,,5,0,0,0,1,24339
802,802,13,6,908,16,0,0,0,0,0
799,799,13,25,909,5,0,0,0,0,0
799,799,13,10,910,16,0,0,0,0,0
803,1198,476,3,911,5,0,0,0,0,0
804,804,477,14,912,270,0,0,0,0,0
805,805,221,16,913,271,0,0,0,0,0
806,1199,60,10,914,5,0,0,0,0,0
807,1200,13,3,,272,0,0,0,0,500
808,808,13,26,916,5,0,0,23,18,0
809,809,24,5,917,5,0,0,0,0,0
810,1201,188,3,918,0,0,0,,,
811,811,478,3,919,5,0,0,0,0,160
812,1202,24,5,920,273,0,0,0,0,0
813,813,8,22,921,274,0,0,0,0,0
814,814,479,42,922,5,0,0,0,0,0
815,815,480,3,923,275,0,0,0,0,0
816,1203,481,3,,5,0,0,0,0,0
817,1204,13,10,925,16,0,0,0,0,0
818,818,129,25,926,5,0,0,0,0,0
818,818,482,17,927,5,0,0,0,0,200
818,818,483,3,928,5,0,0,0,0,0
818,818,149,14,929,5,0,0,0,0,0
819,1205,131,3,930,5,0,0,1,0,0
820,1206,484,3,931,276,0,0,0,0,0
821,1207,90,3,932,5,0,0,2,0,150
822,1208,4,3,933,5,0,0,1,0,0
823,1209,485,6,934,277,0,0,0,0,0
824,1210,136,5,935,278,0,0,0,0,0
825,1211,,6,,279,0,0,0,0,0
826,826,486,22,937,280,0,0,0,0,0
827,827,15,95,938,5,0,0,3,13,0
828,828,396,3,939,5,0,0,0,1,
829,829,170,14,940,5,0,0,1,43,0
830,830,487,14,941,5,0,0,0,30,0
831,831,40,34,,5,0,0,3,45,0
832,832,488,6,943,5,0,0,0,0,0
833,833,489,28,944,5,0,0,0,0,200
832,1212,490,3,,281,0,0,1,0,300
834,1213,13,27,946,5,0,0,5,0,0
835,1214,491,3,947,5,0,0,0,0,30
836,836,132,5,948,282,0,0,5,0,0
837,1215,13,10,949,5,0,0,0,0,0
838,838,13,34,950,5,0,0,329,0,0
839,839,492,17,951,5,0,0,0,0,1000
840,840,493,11,952,5,0,0,23,71,0
841,1216,494,3,953,5,0,0,0,0,0
842,842,495,14,954,283,0,0,12,500,800
843,843,153,19,955,5,0,0,0,0,5000
844,844,170,6,956,5,0,0,0,0,0
845,845,405,13,957,5,0,0,0,0,0
846,846,406,3,958,5,0,0,0,0,0
847,847,301,26,,5,0,0,256,0,0
848,848,13,3,960,5,0,0,0,0,0
849,849,218,4,961,5,0,0,0,0,0
850,1217,60,22,962,0,0,0,0,0,0
849,849,13,10,963,16,0,0,0,0,0
851,54,496,3,964,5,0,0,0,0,750
852,852,497,13,965,5,0,0,0,0,800
853,853,498,7,966,5,0,0,34,0,0
854,854,499,12,967,5,0,0,7,0,0
855,1087,192,15,968,3,0,0,455,,
856,864,161,3,969,284,0,0,0,0,2543
857,1218,13,31,970,3,0,0,,,203
858,1219,500,13,971,285,0,0,,,12055
859,1220,192,81,972,3,0,0,0,144,0
860,1221,284,3,973,286,0,0,0,0,1651
861,1222,501,13,974,3,0,0,0,0,440
862,1223,136,3,975,3,0,0,0,0,2937
862,1224,502,13,976,3,0,0,0,0,1137
863,1225,503,3,977,3,0,0,0,0,3623
864,1226,504,3,978,3,0,0,0,0,383
865,1227,9,3,979,3,0,0,0,0,141
866,1106,505,3,980,3,0,0,,,360
867,867,13,27,981,3,0,0,1,,
868,868,506,6,982,0,0,0,,,
869,869,13,6,983,3,0,0,,,
460,460,313,27,984,3,0,0,,,
870,1228,507,13,985,3,0,0,,,423
871,1229,172,13,986,3,0,0,0,0,3300
872,1230,508,3,,3,0,0,0,0,156
873,873,509,26,988,3,0,0,12,3,0
874,1231,510,14,989,3,0,0,1,37,
875,1232,511,3,990,3,0,0,,,175
876,876,512,3,991,3,0,0,,,900
877,1233,13,27,992,287,0,0,2,,350
878,1234,329,3,993,288,0,0,,,500
879,1235,513,3,994,3,0,0,,,269
880,880,90,14,995,289,0,0,0,4,0
881,1236,514,13,996,3,0,0,0,0,300
882,882,515,114,997,0,0,0,,,
883,883,13,24,998,3,0,0,1,,
884,1237,516,13,999,3,0,0,,,1100
885,1238,517,13,1000,3,0,0,,,300
884,884,518,3,1001,290,0,0,,,350
886,1239,519,13,1002,16,0,0,0,0,1550
887,1240,133,13,1003,16,0,0,0,0,300
888,888,520,3,1004,3,0,0,0,0,0
889,1241,15,16,1005,16,0,0,13,180,0
890,890,11,3,1006,291,0,0,0,0,0
891,,521,11,1007,0,0,0,,,
892,1242,13,3,1008,292,0,0,0,0,137
893,1243,522,3,1009,3,0,0,0,0,150
894,1244,43,3,1010,293,0,0,4,0,100000
895,1245,153,13,1011,3,0,0,0,0,1000
896,896,9,22,1012,294,0,0,0,0,0
897,1246,523,11,1013,3,0,0,0,0,120
898,1237,524,13,1014,3,0,0,0,0,1000
899,1247,525,13,1015,3,0,0,0,0,1428
900,1248,56,13,1016,3,0,0,0,0,3000
879,1235,231,3,1017,295,0,0,0,0,269
889,1249,526,13,1018,3,0,0,0,0,637
901,1250,13,13,1019,296,0,0,0,0,4500
902,1251,13,13,1020,297,0,0,0,0,60
894,1252,13,5,1021,298,0,0,0,0,200
903,1253,527,11,1022,3,0,0,3,45,0
904,1254,528,2,1023,3,0,0,0,0,0
905,905,0,95,1024,3,0,0,2,0,0
906,1255,529,9,1025,3,0,0,32,15,0
907,1256,13,3,1026,299,0,0,0,0,1473
908,1257,530,90,1027,3,0,0,2,1,0
909,1258,13,6,1028,3,0,0,6,,0
909,,90,6,1029,0,0,0,,,
,,,,,0,0,0,,,
911,,532,3,1031,0,0,0,,,
912,1259,13,27,1032,300,0,0,0,0,90
913,1260,168,6,1033,3,0,0,0,0,0
914,1261,457,3,1034,301,0,0,0,0,1000
915,,136,3,1035,0,0,0,,,
915,1262,320,3,1036,302,0,0,0,0,500
916,,43,3,1037,0,0,0,,,
917,1263,286,13,1038,303,0,0,,,13000
918,1264,90,14,1039,3,0,0,,6,
919,1265,13,3,1040,3,0,0,,,1333
920,1266,353,11,1041,3,0,0,,,
921,1267,90,5,1042,3,0,0,,,
922,922,33,26,1043,3,0,0,,25,138
923,1268,13,24,1044,304,0,0,2,,450
924,1269,13,6,1045,3,0,0,,,21
925,1270,533,5,1046,3,0,0,,,
926,1271,329,3,1047,3,0,0,,,300
927,1272,136,5,1048,3,0,0,,,
928,1273,13,13,1049,305,0,0,1,,3432
929,929,13,22,1050,3,0,0,,1,
930,930,192,21,,3,0,0,,,
931,931,13,5,1052,3,0,0,,,
932,932,488,5,1053,3,0,0,,,
933,1274,43,5,1054,3,0,0,,,
934,932,534,21,1055,3,0,0,,,
935,935,535,3,1056,3,0,0,,,
936,936,132,3,1057,3,0,0,,,
937,1275,13,6,1058,3,0,0,,,
938,938,536,22,1059,3,0,0,,,
939,1276,488,16,1060,306,0,0,,,
940,940,28,21,1061,3,0,0,,,
941,1277,258,3,1062,3,0,0,,,576
942,1278,13,6,1063,3,0,0,,,200
943,1279,90,6,1064,3,0,0,,,
944,944,90,5,1065,3,0,0,,,
945,945,537,9,1066,3,0,0,9,,
946,945,538,4,1067,3,0,0,,,
947,963,187,3,1068,3,0,0,,,
948,967,539,3,1069,3,0,0,,,1207
949,959,13,3,1070,307,0,0,,,
950,950,13,5,1071,3,0,0,,,
951,947,540,13,1072,3,0,0,,,2070
952,952,541,14,1073,3,0,0,,,600
953,953,31,21,1074,3,0,0,,,200
954,1280,542,13,1075,3,0,0,,,468
955,1281,543,13,1076,3,0,0,,,
956,1282,13,22,1077,3,0,0,1,,
957,1283,13,22,1078,3,0,0,,,
958,1284,13,22,1079,3,0,0,1,,
959,959,544,21,1080,3,0,0,,,
960,1285,13,3,1081,308,0,0,,,60
961,1286,545,5,1082,3,0,0,,,
962,952,13,5,1083,3,0,0,,,
944,1287,13,5,1084,3,0,0,,,
963,1288,13,5,1085,3,0,0,,,
964,1289,488,5,1086,3,0,0,,,
965,1290,546,13,1087,3,0,0,,2,164
966,1291,445,3,1088,3,0,0,,,
967,1292,445,13,1089,309,0,0,2,,90000
